index_prog,article_links_index_start,article_links_index_stop,sub_article_text_path
0,0,999,sub_csvs/sub_article_text0.csv
1,1000,1999,sub_csvs/sub_article_text1.csv
2,2000,2999,sub_csvs/sub_article_text2.csv
3,3000,3999,sub_csvs/sub_article_text3.csv
4,4000,4999,sub_csvs/sub_article_text4.csv
5,5000,5999,sub_csvs/sub_article_text5.csv
6,6000,6999,sub_csvs/sub_article_text6.csv
7,7000,7999,sub_csvs/sub_article_text7.csv
8,8000,8999,sub_csvs/sub_article_text8.csv
9,9000,9999,sub_csvs/sub_article_text9.csv
10,10000,10999,sub_csvs/sub_article_text10.csv
11,11000,11999,sub_csvs/sub_article_text11.csv
12,12000,12999,sub_csvs/sub_article_text12.csv
13,13000,13999,sub_csvs/sub_article_text13.csv
14,14000,14999,sub_csvs/sub_article_text14.csv
15,15000,15999,sub_csvs/sub_article_text15.csv
16,16000,16999,sub_csvs/sub_article_text16.csv
17,17000,17999,sub_csvs/sub_article_text17.csv
18,18000,18999,sub_csvs/sub_article_text18.csv
19,19000,19999,sub_csvs/sub_article_text19.csv
20,20000,20999,sub_csvs/sub_article_text20.csv
21,21000,21999,sub_csvs/sub_article_text21.csv
22,22000,22999,sub_csvs/sub_article_text22.csv
23,23000,23999,sub_csvs/sub_article_text23.csv
24,24000,24999,sub_csvs/sub_article_text24.csv
25,25000,25999,sub_csvs/sub_article_text25.csv
26,26000,26999,sub_csvs/sub_article_text26.csv
27,27000,27999,sub_csvs/sub_article_text27.csv
28,28000,28999,sub_csvs/sub_article_text28.csv
29,29000,29999,sub_csvs/sub_article_text29.csv
30,30000,30999,sub_csvs/sub_article_text30.csv
31,31000,31999,sub_csvs/sub_article_text31.csv
32,32000,32999,sub_csvs/sub_article_text32.csv
33,33000,33999,sub_csvs/sub_article_text33.csv
34,34000,34999,sub_csvs/sub_article_text34.csv
35,35000,35999,sub_csvs/sub_article_text35.csv
36,36000,36999,sub_csvs/sub_article_text36.csv
37,37000,37999,sub_csvs/sub_article_text37.csv
38,38000,38999,sub_csvs/sub_article_text38.csv
39,39000,39999,sub_csvs/sub_article_text39.csv
40,40000,40999,sub_csvs/sub_article_text40.csv
41,41000,41999,sub_csvs/sub_article_text41.csv
42,42000,42999,sub_csvs/sub_article_text42.csv
43,43000,43999,sub_csvs/sub_article_text43.csv
44,44000,44999,sub_csvs/sub_article_text44.csv
45,45000,45999,sub_csvs/sub_article_text45.csv
46,46000,46999,sub_csvs/sub_article_text46.csv
47,47000,47999,sub_csvs/sub_article_text47.csv
48,48000,48999,sub_csvs/sub_article_text48.csv
49,49000,49999,sub_csvs/sub_article_text49.csv
50,50000,50999,sub_csvs/sub_article_text50.csv
51,51000,51999,sub_csvs/sub_article_text51.csv
52,52000,52999,sub_csvs/sub_article_text52.csv
53,53000,53999,sub_csvs/sub_article_text53.csv
54,54000,54999,sub_csvs/sub_article_text54.csv
55,55000,55999,sub_csvs/sub_article_text55.csv
56,56000,56999,sub_csvs/sub_article_text56.csv
57,57000,57999,sub_csvs/sub_article_text57.csv
58,58000,58999,sub_csvs/sub_article_text58.csv
59,59000,59999,sub_csvs/sub_article_text59.csv
60,60000,60999,sub_csvs/sub_article_text60.csv
61,61000,61999,sub_csvs/sub_article_text61.csv
62,62000,62999,sub_csvs/sub_article_text62.csv
63,63000,63999,sub_csvs/sub_article_text63.csv
64,64000,64999,sub_csvs/sub_article_text64.csv
65,65000,65999,sub_csvs/sub_article_text65.csv
66,66000,66999,sub_csvs/sub_article_text66.csv
67,67000,67999,sub_csvs/sub_article_text67.csv
68,68000,68999,sub_csvs/sub_article_text68.csv
69,69000,69999,sub_csvs/sub_article_text69.csv
70,70000,70999,sub_csvs/sub_article_text70.csv
71,71000,71999,sub_csvs/sub_article_text71.csv
72,72000,72999,sub_csvs/sub_article_text72.csv
73,73000,73999,sub_csvs/sub_article_text73.csv
74,74000,74999,sub_csvs/sub_article_text74.csv
75,75000,75999,sub_csvs/sub_article_text75.csv
76,76000,76999,sub_csvs/sub_article_text76.csv
77,77000,77999,sub_csvs/sub_article_text77.csv
78,78000,78999,sub_csvs/sub_article_text78.csv
79,79000,79999,sub_csvs/sub_article_text79.csv
80,80000,80999,sub_csvs/sub_article_text80.csv
81,81000,81999,sub_csvs/sub_article_text81.csv
82,82000,82999,sub_csvs/sub_article_text82.csv
83,83000,83999,sub_csvs/sub_article_text83.csv
84,84000,84999,sub_csvs/sub_article_text84.csv
85,85000,85999,sub_csvs/sub_article_text85.csv
86,86000,86999,sub_csvs/sub_article_text86.csv
87,87000,87999,sub_csvs/sub_article_text87.csv
88,88000,88999,sub_csvs/sub_article_text88.csv
89,89000,89999,sub_csvs/sub_article_text89.csv
90,90000,90999,sub_csvs/sub_article_text90.csv
91,91000,91999,sub_csvs/sub_article_text91.csv
92,92000,92999,sub_csvs/sub_article_text92.csv
93,93000,93999,sub_csvs/sub_article_text93.csv
94,94000,94999,sub_csvs/sub_article_text94.csv
95,95000,95999,sub_csvs/sub_article_text95.csv
96,96000,96999,sub_csvs/sub_article_text96.csv
97,97000,97999,sub_csvs/sub_article_text97.csv
98,98000,98999,sub_csvs/sub_article_text98.csv
99,99000,99999,sub_csvs/sub_article_text99.csv
100,100000,100999,sub_csvs/sub_article_text100.csv
101,101000,101999,sub_csvs/sub_article_text101.csv
102,102000,102999,sub_csvs/sub_article_text102.csv
103,103000,103999,sub_csvs/sub_article_text103.csv
104,104000,104999,sub_csvs/sub_article_text104.csv
105,105000,105999,sub_csvs/sub_article_text105.csv
106,106000,106999,sub_csvs/sub_article_text106.csv
107,107000,107999,sub_csvs/sub_article_text107.csv
108,108000,108999,sub_csvs/sub_article_text108.csv
109,109000,109999,sub_csvs/sub_article_text109.csv
110,110000,110999,sub_csvs/sub_article_text110.csv
111,111000,111999,sub_csvs/sub_article_text111.csv
112,112000,112999,sub_csvs/sub_article_text112.csv
113,113000,113999,sub_csvs/sub_article_text113.csv
114,114000,114999,sub_csvs/sub_article_text114.csv
115,115000,115999,sub_csvs/sub_article_text115.csv
116,116000,116999,sub_csvs/sub_article_text116.csv
117,117000,117999,sub_csvs/sub_article_text117.csv
118,118000,118999,sub_csvs/sub_article_text118.csv
119,119000,119999,sub_csvs/sub_article_text119.csv
120,120000,120999,sub_csvs/sub_article_text120.csv
121,121000,121999,sub_csvs/sub_article_text121.csv
122,122000,122999,sub_csvs/sub_article_text122.csv
123,123000,123999,sub_csvs/sub_article_text123.csv
124,124000,124999,sub_csvs/sub_article_text124.csv
125,125000,125999,sub_csvs/sub_article_text125.csv
126,126000,126999,sub_csvs/sub_article_text126.csv
